,x,y,ClusterID
cell1,41,66,3
cell2,42,66,3
cell3,43,66,3
cell4,43,65,3
cell5,43,67,3
cell6,43,68,3
cell7,44,66,3
cell8,43,64,3
cell9,45,66,3
cell10,44,67,3
cell11,44,64,3
cell12,44,65,3
cell13,45,67,3
cell14,45,65,3
cell15,45,64,3
cell16,45,68,3
cell17,44,63,3
cell18,46,64,3
cell19,44,62,3
cell20,49,50,3
cell21,43,69,3
cell22,44,69,3
cell23,44,70,3
cell24,45,63,3
cell25,45,62,3
cell26,46,66,3
cell27,96,62,3
cell28,43,70,3
cell29,46,67,3
cell30,46,65,3
cell31,44,71,3
cell32,43,71,3
cell33,44,72,3
cell34,42,70,3
cell35,47,64,3
cell36,47,65,3
cell37,44,61,3
cell38,76,84,3
cell39,47,66,3
cell40,43,72,3
cell41,42,68,3
cell42,42,71,3
cell43,45,69,3
cell44,46,68,3
cell45,48,66,3
cell46,42,69,3
cell47,46,69,3
cell48,46,63,3
cell49,46,62,3
cell50,41,71,3
cell51,45,71,3
cell52,78,77,3
cell53,47,63,3
cell54,48,65,3
cell55,45,72,3
cell56,45,73,3
cell57,47,68,3
cell58,47,69,3
cell59,48,63,3
cell60,48,64,3
cell61,48,67,3
cell62,46,71,3
cell63,49,66,3
cell64,46,61,3
cell65,43,61,3
cell66,49,67,3
cell67,48,62,3
cell68,49,63,3
cell69,50,67,3
cell70,49,65,3
cell71,48,68,3
cell72,44,60,3
cell73,47,62,3
cell74,46,72,3
cell75,49,64,3
cell76,45,74,3
cell77,48,69,3
cell78,50,65,3
cell79,47,71,3
cell80,47,70,3
cell81,50,66,3
cell82,47,61,3
cell83,49,68,3
cell84,46,73,3
cell85,51,66,3
cell86,50,63,3
cell87,50,64,3
cell88,48,61,3
cell89,47,72,3
cell90,46,70,3
cell91,51,65,3
cell92,85,47,3
cell93,49,70,3
cell94,49,62,3
cell95,49,61,3
cell96,50,69,3
cell97,51,69,3
cell98,51,63,3
cell99,48,60,3
cell100,48,72,3
cell101,50,68,3
cell102,52,65,3
cell103,48,70,3
cell104,46,60,3
cell105,48,71,3
cell106,50,70,3
cell107,47,60,3
cell108,51,64,3
cell109,49,71,3
cell110,51,68,3
cell111,50,62,3
cell112,51,67,3
cell113,46,74,3
cell114,47,73,3
cell115,51,70,3
cell116,52,64,3
cell117,52,63,3
cell118,44,74,3
cell119,53,64,3
cell120,46,75,3
cell121,50,87,3
cell122,50,60,3
cell123,50,61,3
cell124,51,60,3
cell125,50,59,3
cell126,49,59,3
cell127,47,74,3
cell128,53,63,3
cell129,46,76,3
cell130,52,69,3
cell131,51,61,3
cell132,46,77,3
cell133,48,59,3
cell134,52,67,3
cell135,51,62,3
cell136,45,60,3
cell137,52,68,3
cell138,47,77,3
cell139,48,73,3
cell140,50,71,3
cell141,52,61,3
cell142,47,59,3
cell143,49,73,3
cell144,53,65,3
cell145,53,61,3
cell146,45,59,3
cell147,48,74,3
cell148,68,85,3
cell149,48,58,3
cell150,53,62,3
cell151,50,72,3
cell152,46,59,3
cell153,52,70,3
cell154,62,70,3
cell155,52,66,3
cell156,52,60,3
cell157,51,59,3
cell158,50,58,3
cell159,51,71,3
cell160,45,77,3
cell161,47,75,3
cell162,54,63,3
cell163,52,71,3
cell164,47,76,3
cell165,53,68,3
cell166,52,72,3
cell167,51,72,3
cell168,46,78,3
cell169,52,73,3
cell170,50,57,3
cell171,54,65,3
cell172,53,70,3
cell173,54,68,3
cell174,54,64,3
cell175,52,62,3
cell176,65,49,3
cell177,62,88,3
cell178,48,75,3
cell179,48,76,3
cell180,46,79,3
cell181,53,66,3
cell182,53,72,3
cell183,53,67,3
cell184,50,73,3
cell185,54,62,3
cell186,51,73,3
cell187,55,63,3
cell188,54,69,3
cell189,47,79,3
cell190,52,59,3
cell191,48,77,3
cell192,47,78,3
cell193,47,58,3
cell194,48,78,3
cell195,54,67,3
cell196,76,45,3
cell197,53,60,3
cell198,49,74,3
cell199,51,57,3
cell200,50,74,3
cell201,53,71,3
cell202,51,58,3
cell203,49,56,3
cell204,50,56,3
cell205,55,64,3
cell206,53,73,3
cell207,56,64,3
cell208,87,74,3
cell209,55,68,3
cell210,47,57,3
cell211,51,74,3
cell212,55,62,3
cell213,49,78,3
cell214,54,70,3
cell215,54,61,3
cell216,55,61,3
cell217,54,66,1
cell218,50,75,1
cell219,48,79,1
cell220,55,66,1
cell221,56,61,1
cell222,54,60,1
cell223,55,67,1
cell224,55,69,1
cell225,51,75,1
cell226,52,58,1
cell227,53,59,1
cell228,56,66,1
cell229,45,70,1
cell230,57,62,1
cell231,56,63,1
cell232,54,71,1
cell233,54,72,1
cell234,49,75,1
cell235,55,60,1
cell236,49,55,1
cell237,53,58,1
cell238,54,59,1
cell239,48,56,1
cell240,49,76,1
cell241,49,77,1
cell242,48,55,1
cell243,55,72,1
cell244,50,77,1
cell245,48,54,1
cell246,54,58,1
cell247,55,65,1
cell248,55,70,1
cell249,52,75,1
cell250,49,79,1
cell251,49,80,1
cell252,56,65,1
cell253,52,76,1
cell254,57,63,1
cell255,47,80,1
cell256,50,76,1
cell257,57,64,1
cell258,53,75,1
cell259,48,80,1
cell260,55,71,1
cell261,51,76,1
cell262,55,58,1
cell263,50,78,1
cell264,53,74,1
cell265,66,61,1
cell266,45,61,1
cell267,54,73,1
cell268,50,55,1
cell269,49,81,1
cell270,50,54,1
cell271,49,54,1
cell272,58,64,1
cell273,52,77,1
cell274,57,61,1
cell275,51,77,1
cell276,49,53,1
cell277,54,57,1
cell278,50,79,1
cell279,56,70,1
cell280,54,74,1
cell281,51,78,1
cell282,62,68,1
cell283,55,73,1
cell284,82,44,1
cell285,56,58,1
cell286,51,79,1
cell287,58,63,1
cell288,57,70,1
cell289,53,76,1
cell290,56,67,1
cell291,48,53,1
cell292,53,77,1
cell293,58,61,1
cell294,53,57,1
cell295,47,55,1
cell296,57,59,1
cell297,52,78,1
cell298,47,54,1
cell299,55,74,1
cell300,57,58,1
cell301,57,66,1
cell302,51,56,1
cell303,58,62,1
cell304,54,76,1
cell305,56,73,1
cell306,59,62,1
cell307,56,69,1
cell308,57,60,1
cell309,75,88,1
cell310,54,75,1
cell311,56,68,1
cell312,55,59,1
cell313,50,53,1
cell314,82,74,1
cell315,60,56,1
cell316,50,80,1
cell317,56,71,1
cell318,55,57,1
cell319,51,80,1
cell320,54,77,1
cell321,58,65,1
cell322,56,57,1
cell323,52,79,1
cell324,59,65,1
cell325,51,55,1
cell326,50,81,1
cell327,58,60,1
cell328,52,80,1
cell329,57,65,1
cell330,52,81,1
cell331,54,56,1
cell332,56,74,1
cell333,49,52,1
cell334,57,74,1
cell335,50,52,1
cell336,57,68,1
cell337,75,68,1
cell338,59,61,1
cell339,51,53,1
cell340,49,51,1
cell341,57,71,1
cell342,55,77,1
cell343,60,61,1
cell344,57,73,1
cell345,49,82,1
cell346,56,72,1
cell347,57,67,1
cell348,48,57,1
cell349,51,52,1
cell350,58,68,1
cell351,52,56,1
cell352,50,82,1
cell353,52,57,1
cell354,51,81,1
cell355,56,75,1
cell356,58,71,1
cell357,58,58,1
cell358,58,57,1
cell359,58,69,1
cell360,55,75,1
cell361,59,63,1
cell362,56,56,1
cell363,57,75,1
cell364,54,78,1
cell365,57,57,1
cell366,53,78,1
cell367,50,83,1
cell368,58,87,1
cell369,53,81,1
cell370,60,63,1
cell371,49,83,1
cell372,56,76,1
cell373,89,80,1
cell374,53,56,1
cell375,49,84,1
cell376,57,76,1
cell377,51,54,1
cell378,59,59,1
cell379,59,58,1
cell380,59,66,1
cell381,56,55,1
cell382,54,79,1
cell383,55,56,1
cell384,58,70,1
cell385,59,69,1
cell386,52,82,1
cell387,60,65,1
cell388,58,67,1
cell389,52,55,1
cell390,52,83,1
cell391,60,62,1
cell392,50,51,1
cell393,54,55,1
cell394,53,80,1
cell395,61,65,1
cell396,53,55,1
cell397,50,50,1
cell398,59,57,1
cell399,59,67,1
cell400,54,80,1
cell401,50,84,1
cell402,62,65,1
cell403,63,65,1
cell404,59,68,1
cell405,52,54,1
cell406,55,55,1
cell407,62,64,1
cell408,54,81,1
cell409,57,56,1
cell410,59,70,1
cell411,56,82,1
cell412,53,54,1
cell413,62,63,1
cell414,63,63,1
cell415,63,66,1
cell416,60,67,1
cell417,51,51,1
cell418,61,63,1
cell419,64,63,1
cell420,52,52,1
cell421,55,80,1
cell422,57,72,1
cell423,62,62,1
cell424,60,64,1
cell425,51,83,1
cell426,54,54,1
cell427,60,69,1
cell428,54,82,1
cell429,61,64,1
cell430,52,51,1
cell431,65,63,1
cell432,60,68,1
cell433,55,79,1
cell434,81,48,1
cell435,55,81,1
cell436,53,51,1
cell437,60,59,1
cell438,50,85,1
cell439,64,62,1
cell440,49,85,1
cell441,61,68,1
cell442,61,62,1
cell443,56,54,1
cell444,60,60,1
cell445,57,55,1
cell446,55,54,1
cell447,53,53,1
cell448,58,72,1
cell449,61,61,1
cell450,58,76,1
cell451,62,66,1
cell452,55,76,1
cell453,50,86,1
cell454,56,77,1
cell455,53,83,1
cell456,51,50,1
cell457,61,66,1
cell458,63,64,1
cell459,48,85,1
cell460,60,66,1
cell461,58,73,1
cell462,54,83,1
cell463,59,73,1
cell464,61,60,1
cell465,63,62,1
cell466,61,67,1
cell467,62,67,1
cell468,57,77,1
cell469,59,74,1
cell470,64,65,1
cell471,55,53,1
cell472,58,77,1
cell473,64,64,1
cell474,60,70,1
cell475,56,53,1
cell476,56,81,1
cell477,55,78,1
cell478,62,61,1
cell479,54,51,1
cell480,61,69,1
cell481,60,58,1
cell482,55,82,1
cell483,51,84,1
cell484,55,51,1
cell485,65,64,1
cell486,54,53,1
cell487,78,66,1
cell488,61,59,1
cell489,58,74,1
cell490,58,75,1
cell491,51,86,1
cell492,62,60,1
cell493,59,77,1
cell494,56,79,1
cell495,56,78,1
cell496,57,79,1
cell497,58,78,1
cell498,59,72,1
cell499,52,53,1
cell500,57,78,1
cell501,61,88,1
cell502,53,84,1
cell503,53,52,1
cell504,58,55,1
cell505,54,50,1
cell506,61,70,1
cell507,60,71,1
cell508,55,50,1
cell509,56,62,1
cell510,61,71,1
cell511,56,51,1
cell512,59,71,1
cell513,59,78,1
cell514,60,73,1
cell515,51,85,1
cell516,54,52,1
cell517,59,75,1
cell518,59,56,1
cell519,63,67,1
cell520,58,54,1
cell521,51,87,1
cell522,57,54,1
cell523,52,87,1
cell524,59,55,1
cell525,63,61,1
cell526,59,76,1
cell527,56,50,1
cell528,58,53,1
cell529,55,83,1
cell530,58,79,1
cell531,70,55,1
cell532,52,84,1
cell533,60,77,1
cell534,63,68,1
cell535,61,58,1
cell536,56,80,1
cell537,61,56,1
cell538,60,55,1
cell539,55,52,1
cell540,61,55,1
cell541,56,49,1
cell542,57,80,1
cell543,66,64,1
cell544,52,86,1
cell545,58,52,1
cell546,57,49,1
cell547,56,52,1
cell548,64,61,1
cell549,49,87,1
cell550,60,74,1
cell551,53,87,1
cell552,49,88,1
cell553,58,80,1
cell554,63,69,1
cell555,60,75,1
cell556,63,60,1
cell557,65,62,1
cell558,57,81,1
cell559,61,57,1
cell560,48,83,1
cell561,62,71,1
cell562,64,68,1
cell563,57,82,1
cell564,64,60,1
cell565,61,75,1
cell566,53,50,1
cell567,56,83,1
cell568,58,81,1
cell569,57,52,1
cell570,65,65,1
cell571,54,87,1
cell572,59,79,1
cell573,52,85,1
cell574,63,59,1
cell575,59,54,1
cell576,59,52,1
cell577,64,59,1
cell578,62,69,1
cell579,59,80,1
cell580,47,83,1
cell581,66,62,1
cell582,53,85,1
cell583,59,53,1
cell584,62,59,1
cell585,57,83,1
cell586,60,76,1
cell587,56,84,1
cell588,61,54,1
cell589,61,74,1
cell590,54,84,1
cell591,63,58,1
cell592,57,53,1
cell593,60,72,1
cell594,62,55,1
cell595,66,65,1
cell596,51,88,1
cell597,60,79,1
cell598,58,51,1
cell599,64,67,1
cell600,60,53,1
cell601,61,77,1
cell602,64,69,1
cell603,62,54,1
cell604,65,61,1
cell605,61,76,1
cell606,52,88,1
cell607,65,67,1
cell608,64,66,1
cell609,53,86,1
cell610,58,49,1
cell611,63,71,1
cell612,66,63,1
cell613,65,66,1
cell614,54,85,1
cell615,55,87,1
cell616,60,78,1
cell617,60,54,1
cell618,65,68,1
cell619,66,66,1
cell620,59,51,1
cell621,83,47,1
cell622,66,67,1
cell623,60,57,1
cell624,58,82,1
cell625,61,72,1
cell626,95,61,1
cell627,58,50,1
cell628,63,55,1
cell629,57,50,1
cell630,67,63,1
cell631,61,73,1
cell632,62,76,1
cell633,67,65,1
cell634,74,72,1
cell635,67,67,1
cell636,55,84,1
cell637,62,57,1
cell638,62,56,0
cell639,67,64,0
cell640,68,67,0
cell641,68,65,0
cell642,55,85,0
cell643,63,70,0
cell644,62,72,0
cell645,62,75,0
cell646,61,53,0
cell647,54,86,0
cell648,57,84,0
cell649,65,69,0
cell650,60,52,0
cell651,56,86,0
cell652,63,56,0
cell653,67,66,0
cell654,62,74,0
cell655,61,78,0
cell656,67,62,0
cell657,63,72,0
cell658,86,61,0
cell659,68,66,0
cell660,62,58,0
cell661,57,51,0
cell662,59,81,0
cell663,57,86,0
cell664,56,85,0
cell665,62,73,0
cell666,59,50,0
cell667,67,68,0
cell668,59,82,0
cell669,60,51,0
cell670,60,50,0
cell671,58,83,0
cell672,61,52,0
cell673,68,64,0
cell674,67,61,0
cell675,63,73,0
cell676,66,68,0
cell677,65,60,0
cell678,68,68,0
cell679,66,60,0
cell680,59,49,0
cell681,67,69,0
cell682,56,59,0
cell683,64,72,0
cell684,63,76,0
cell685,63,54,0
cell686,57,85,0
cell687,59,83,0
cell688,69,65,0
cell689,54,88,0
cell690,67,60,0
cell691,62,77,0
cell692,60,49,0
cell693,67,59,0
cell694,60,80,0
cell695,63,53,0
cell696,64,54,0
cell697,61,50,0
cell698,65,59,0
cell699,55,88,0
cell700,68,62,0
cell701,68,60,0
cell702,69,66,0
cell703,56,87,0
cell704,67,58,0
cell705,69,63,0
cell706,68,59,0
cell707,64,70,0
cell708,64,58,0
cell709,58,85,0
cell710,64,73,0
cell711,63,74,0
cell712,58,48,0
cell713,64,74,0
cell714,63,77,0
cell715,56,88,0
cell716,60,82,0
cell717,61,49,0
cell718,64,55,0
cell719,62,53,0
cell720,68,58,0
cell721,60,81,0
cell722,68,57,0
cell723,63,57,0
cell724,61,79,0
cell725,64,56,0
cell726,65,73,0
cell727,63,75,0
cell728,59,48,0
cell729,57,87,0
cell730,58,84,0
cell731,55,89,0
cell732,70,63,0
cell733,61,82,0
cell734,48,81,0
cell735,62,52,0
cell736,60,48,0
cell737,69,59,0
cell738,64,71,0
cell739,59,87,0
cell740,66,59,0
cell741,58,86,0
cell742,59,84,0
cell743,60,84,0
cell744,57,69,0
cell745,69,64,0
cell746,61,84,0
cell747,66,58,0
cell748,61,83,0
cell749,64,75,0
cell750,62,78,0
cell751,65,72,0
cell752,61,48,0
cell753,65,55,0
cell754,66,69,0
cell755,70,65,0
cell756,69,60,0
cell757,59,88,0
cell758,61,81,0
cell759,62,81,0
cell760,63,52,0
cell761,65,56,0
cell762,65,57,0
cell763,61,80,0
cell764,60,87,0
cell765,57,88,0
cell766,60,47,0
cell767,70,66,0
cell768,71,65,0
cell769,59,86,0
cell770,66,73,0
cell771,68,69,0
cell772,62,82,0
cell773,65,74,0
cell774,65,71,0
cell775,66,56,0
cell776,66,72,0
cell777,62,51,0
cell778,62,50,0
cell779,69,67,0
cell780,67,70,0
cell781,60,88,0
cell782,65,70,0
cell783,64,57,0
cell784,66,74,0
cell785,66,70,0
cell786,68,70,0
cell787,64,53,0
cell788,65,58,0
cell789,65,75,0
cell790,66,55,0
cell791,47,67,0
cell792,71,66,0
cell793,67,55,0
cell794,60,83,0
cell795,67,56,0
cell796,76,44,0
cell797,66,71,0
cell798,67,57,0
cell799,63,51,0
cell800,70,59,0
cell801,62,80,0
cell802,59,89,0
cell803,59,85,0
cell804,62,48,0
cell805,70,67,0
cell806,70,60,0
cell807,70,64,0
cell808,56,89,0
cell809,67,54,0
cell810,60,89,0
cell811,62,84,0
cell812,71,67,0
cell813,68,55,0
cell814,60,90,0
cell815,61,47,0
cell816,70,62,0
cell817,60,85,0
cell818,66,57,0
cell819,60,86,0
cell820,64,76,0
cell821,69,62,0
cell822,63,81,0
cell823,65,76,0
cell824,69,61,0
cell825,63,80,0
cell826,61,89,0
cell827,65,54,0
cell828,69,70,0
cell829,72,67,0
cell830,66,75,0
cell831,61,87,0
cell832,66,54,0
cell833,71,64,0
cell834,59,47,0
cell835,62,79,0
cell836,68,54,0
cell837,67,71,0
cell838,61,86,0
cell839,68,71,0
cell840,67,75,0
cell841,70,68,0
cell842,65,53,0
cell843,64,52,0
cell844,67,72,0
cell845,69,56,0
cell846,63,78,0
cell847,68,61,0
cell848,64,77,0
cell849,61,85,0
cell850,67,53,0
cell851,63,50,0
cell852,69,58,0
cell853,65,52,0
cell854,63,79,0
cell855,69,57,0
cell856,72,68,0
cell857,62,83,0
cell858,69,55,0
cell859,63,82,0
cell860,70,61,0
cell861,70,58,0
cell862,72,69,0
cell863,69,54,0
cell864,71,58,0
cell865,64,51,0
cell866,71,68,0
cell867,62,87,0
cell868,61,46,0
cell869,70,56,0
cell870,49,58,0
cell871,72,66,0
cell872,63,88,0
cell873,73,68,0
cell874,65,51,0
cell875,62,85,0
cell876,62,49,0
cell877,66,52,0
cell878,67,73,0
cell879,53,82,0
cell880,61,90,0
cell881,66,76,0
cell882,69,53,0
cell883,71,63,0
cell884,57,89,0
cell885,63,85,0
cell886,71,61,0
cell887,64,88,0
cell888,67,76,0
cell889,62,47,0
cell890,69,68,0
cell891,73,69,0
cell892,70,54,0
cell893,70,57,0
cell894,66,51,0
cell895,63,87,0
cell896,69,69,0
cell897,68,53,0
cell898,73,67,0
cell899,68,75,0
cell900,62,46,0
cell901,64,87,0
cell902,72,64,0
cell903,71,69,0
cell904,64,78,0
cell905,70,69,0
cell906,71,57,0
cell907,66,53,0
cell908,67,74,0
cell909,71,59,0
cell910,60,46,0
cell911,63,83,0
cell912,68,74,0
cell913,64,50,0
cell914,69,75,0
cell915,68,76,0
cell916,65,78,0
cell917,62,86,0
cell918,65,77,0
cell919,63,86,0
cell920,63,84,0
cell921,68,52,0
cell922,64,80,0
cell923,66,77,0
cell924,63,48,0
cell925,69,71,0
cell926,62,89,0
cell927,68,72,0
cell928,64,81,0
cell929,64,49,0
cell930,69,52,0
cell931,74,67,0
cell932,64,84,0
cell933,74,68,0
cell934,70,70,0
cell935,75,67,0
cell936,72,59,0
cell937,69,74,0
cell938,64,48,0
cell939,64,47,0
cell940,60,45,0
cell941,61,91,0
cell942,63,47,0
cell943,62,91,0
cell944,63,49,0
cell945,69,76,0
cell946,64,79,0
cell947,65,50,0
cell948,65,79,0
cell949,65,87,0
cell950,69,77,0
cell951,69,73,0
cell952,63,46,0
cell953,61,45,0
cell954,66,78,0
cell955,72,60,0
cell956,87,76,0
cell957,68,77,0
cell958,74,69,0
cell959,64,46,0
cell960,70,75,0
cell961,70,53,0
cell962,67,52,0
cell963,67,51,0
cell964,62,45,0
cell965,66,79,0
cell966,67,50,0
cell967,61,51,0
cell968,79,49,0
cell969,70,73,0
cell970,63,89,0
cell971,71,54,0
cell972,64,86,0
cell973,71,60,0
cell974,70,76,0
cell975,75,69,0
cell976,64,82,0
cell977,74,66,0
cell978,65,48,0
cell979,65,82,0
cell980,71,75,0
cell981,76,67,0
cell982,59,45,0
cell983,66,49,0
cell984,72,65,0
cell985,72,63,0
cell986,73,70,0
cell987,68,78,0
cell988,53,79,0
cell989,64,89,3
cell990,81,68,3
cell991,72,57,3
cell992,70,77,3
cell993,71,73,3
cell994,63,45,3
cell995,65,88,3
cell996,69,72,3
cell997,74,70,3
cell998,64,85,3
cell999,68,73,3
cell1000,64,83,3
cell1001,65,80,3
cell1002,70,72,3
cell1003,71,56,3
cell1004,75,58,3
cell1005,65,83,3
cell1006,67,87,3
cell1007,77,67,3
cell1008,75,66,3
cell1009,71,53,3
cell1010,66,86,3
cell1011,86,84,3
cell1012,71,76,3
cell1013,70,74,3
cell1014,67,77,3
cell1015,68,50,3
cell1016,68,51,3
cell1017,65,86,3
cell1018,70,71,3
cell1019,71,74,3
cell1020,69,51,3
cell1021,73,65,3
cell1022,71,55,3
cell1023,70,52,3
cell1024,67,49,3
cell1025,71,62,3
cell1026,73,58,3
cell1027,67,79,3
cell1028,73,59,3
cell1029,67,78,3
cell1030,64,90,3
cell1031,76,69,3
cell1032,73,64,3
cell1033,74,65,3
cell1034,69,50,3
cell1035,65,89,3
cell1036,72,70,3
cell1037,66,82,3
cell1038,70,51,3
cell1039,65,47,3
cell1040,76,66,3
cell1041,65,81,3
cell1042,77,66,3
cell1043,73,63,3
cell1044,66,88,3
cell1045,68,87,3
cell1046,66,47,3
cell1047,65,46,3
cell1048,74,63,3
cell1049,64,45,3
cell1050,77,61,3
cell1051,71,71,3
cell1052,68,79,3
cell1053,67,86,3
cell1054,73,71,3
cell1055,74,71,3
cell1056,66,46,3
cell1057,66,81,3
cell1058,71,52,3
cell1059,66,80,3
cell1060,76,68,3
cell1061,75,63,3
cell1062,77,65,3
cell1063,70,50,3
cell1064,73,57,3
cell1065,72,75,3
cell1066,67,80,3
cell1067,72,55,3
cell1068,66,48,3
cell1069,49,60,3
cell1070,67,81,3
cell1071,72,71,3
cell1072,71,70,3
cell1073,72,56,3
cell1074,68,49,3
cell1075,73,62,3
cell1076,71,72,3
cell1077,70,78,3
cell1078,75,71,3
cell1079,78,67,3
cell1080,64,91,3
cell1081,65,84,3
cell1082,67,46,3
cell1083,73,55,3
cell1084,70,49,3
cell1085,79,66,3
cell1086,72,62,3
cell1087,66,83,3
cell1088,67,82,3
cell1089,69,78,3
cell1090,71,51,3
cell1091,67,85,3
cell1092,68,81,3
cell1093,66,45,3
cell1094,72,72,3
cell1095,74,62,3
cell1096,67,47,3
cell1097,67,48,3
cell1098,66,85,3
cell1099,72,52,3
cell1100,68,80,3
cell1101,67,45,3
cell1102,65,91,3
cell1103,68,47,3
cell1104,68,45,3
cell1105,74,55,3
cell1106,74,57,3
cell1107,69,49,3
cell1108,78,68,3
cell1109,68,46,3
cell1110,67,44,3
cell1111,74,56,3
cell1112,75,65,3
cell1113,74,58,3
cell1114,72,54,3
cell1115,75,70,3
cell1116,77,68,3
cell1117,70,48,3
cell1118,65,45,3
cell1119,74,64,3
cell1120,73,56,3
cell1121,71,78,3
cell1122,82,68,3
cell1123,68,48,3
cell1124,69,48,3
cell1125,73,54,3
cell1126,76,70,3
cell1127,77,70,3
cell1128,52,74,3
cell1129,72,78,3
cell1130,69,46,3
cell1131,69,79,3
cell1132,76,65,3
cell1133,71,77,3
cell1134,72,77,3
cell1135,72,74,3
cell1136,77,64,3
cell1137,73,53,3
cell1138,72,76,3
cell1139,75,72,3
cell1140,75,56,3
cell1141,72,79,3
cell1142,75,55,3
cell1143,73,52,3
cell1144,75,64,3
cell1145,78,65,3
cell1146,71,49,3
cell1147,64,44,3
cell1148,71,50,3
cell1149,68,86,3
cell1150,65,44,3
cell1151,72,51,3
cell1152,70,79,3
cell1153,80,66,3
cell1154,76,71,3
cell1155,71,79,3
cell1156,79,68,3
cell1157,75,57,3
cell1158,67,84,3
cell1159,73,51,3
cell1160,74,54,3
cell1161,69,80,3
cell1162,68,84,3
cell1163,68,44,3
cell1164,75,73,3
cell1165,72,73,3
cell1166,73,61,3
cell1167,73,60,3
cell1168,73,78,3
cell1169,73,72,3
cell1170,76,57,3
cell1171,67,83,3
cell1172,76,64,3
cell1173,80,67,3
cell1174,75,54,3
cell1175,76,72,3
cell1176,73,73,3
cell1177,66,84,3
cell1178,69,81,3
cell1179,80,65,3
cell1180,78,64,3
cell1181,77,69,3
cell1182,68,82,3
cell1183,72,61,3
cell1184,66,44,3
cell1185,58,56,3
cell1186,74,73,3
cell1187,80,50,3
cell1188,79,65,3
cell1189,77,71,3
cell1190,74,53,3
cell1191,73,76,3
cell1192,69,82,3
cell1193,70,80,3
cell1194,78,70,3
cell1195,74,74,3
cell1196,81,66,3
cell1197,69,85,3
cell1198,73,77,3
cell1199,76,63,3
cell1200,80,64,3
cell1201,69,45,3
cell1202,70,45,3
cell1203,70,81,3
cell1204,75,62,3
cell1205,78,63,3
cell1206,70,47,3
cell1207,73,79,3
cell1208,69,83,3
cell1209,78,69,3
cell1210,80,63,3
cell1211,75,61,3
cell1212,79,64,3
cell1213,74,77,3
cell1214,74,61,3
cell1215,81,67,3
cell1216,79,67,3
cell1217,70,82,3
cell1218,77,63,3
cell1219,79,70,3
cell1220,77,62,3
cell1221,76,55,3
cell1222,80,82,3
cell1223,78,62,3
cell1224,59,64,3
cell1225,75,53,3
cell1226,80,68,3
cell1227,81,64,3
cell1228,69,84,3
cell1229,76,62,3
cell1230,72,50,3
cell1231,77,57,3
cell1232,70,83,3
cell1233,74,51,3
cell1234,72,80,3
cell1235,79,69,3
cell1236,70,84,3
cell1237,78,71,3
cell1238,77,58,3
cell1239,75,74,3
cell1240,74,52,3
cell1241,74,60,3
cell1242,76,54,3
cell1243,71,48,3
cell1244,69,44,3
cell1245,77,56,3
cell1246,70,85,3
cell1247,69,86,3
cell1248,75,52,3
cell1249,76,74,3
cell1250,59,60,3
cell1251,72,53,3
cell1252,77,73,3
cell1253,71,46,3
cell1254,78,58,3
cell1255,69,87,3
cell1256,72,58,3
cell1257,66,87,3
cell1258,82,67,3
cell1259,82,66,3
cell1260,72,46,3
cell1261,71,82,3
cell1262,82,69,3
cell1263,73,50,3
cell1264,73,88,3
cell1265,70,86,3
cell1266,80,69,3
cell1267,83,68,3
cell1268,71,83,3
cell1269,74,59,3
cell1270,77,72,3
cell1271,71,84,3
cell1272,80,62,3
cell1273,74,50,3
cell1274,75,51,3
cell1275,79,63,3
cell1276,72,83,3
cell1277,73,80,3
cell1278,79,62,3
cell1279,72,84,3
cell1280,76,75,3
cell1281,80,61,3
cell1282,78,61,3
cell1283,68,88,3
cell1284,79,61,3
cell1285,71,87,3
cell1286,68,83,3
cell1287,73,49,3
cell1288,73,75,3
cell1289,74,76,3
cell1290,79,60,3
cell1291,76,56,3
cell1292,71,85,3
cell1293,77,60,3
cell1294,76,53,3
cell1295,71,47,3
cell1296,76,61,3
cell1297,71,45,3
cell1298,75,75,3
cell1299,80,60,3
cell1300,78,60,3
cell1301,73,74,3
cell1302,81,65,3
cell1303,82,65,3
cell1304,72,47,3
cell1305,71,81,3
cell1306,76,60,3
cell1307,81,69,3
cell1308,77,53,3
cell1309,83,69,3
cell1310,69,43,3
cell1311,67,43,3
cell1312,72,82,3
cell1313,79,59,3
cell1314,70,44,3
cell1315,75,50,3
cell1316,69,42,3
cell1317,84,62,3
cell1318,75,76,3
cell1319,76,51,3
cell1320,78,56,3
cell1321,82,70,3
cell1322,81,62,3
cell1323,74,79,3
cell1324,76,76,3
cell1325,81,70,3
cell1326,78,57,3
cell1327,77,54,3
cell1328,71,86,3
cell1329,77,55,3
cell1330,77,74,3
cell1331,78,73,3
cell1332,75,60,3
cell1333,76,52,3
cell1334,72,49,3
cell1335,79,57,3
cell1336,73,47,3
cell1337,75,77,3
cell1338,78,59,3
cell1339,73,84,3
cell1340,83,70,3
cell1341,74,78,3
cell1342,75,59,3
cell1343,74,49,3
cell1344,74,75,3
cell1345,81,61,3
cell1346,72,81,3
cell1347,75,79,3
cell1348,75,49,3
cell1349,82,64,3
cell1350,81,63,3
cell1351,79,58,3
cell1352,82,63,3
cell1353,69,88,3
cell1354,80,70,3
cell1355,77,52,3
cell1356,83,63,3
cell1357,72,85,3
cell1358,77,59,3
cell1359,81,60,3
cell1360,73,81,3
cell1361,83,64,3
cell1362,80,58,3
cell1363,68,43,3
cell1364,71,88,3
cell1365,73,83,3
cell1366,74,48,3
cell1367,76,58,3
cell1368,73,82,3
cell1369,71,80,3
cell1370,76,59,3
cell1371,76,50,3
cell1372,78,55,3
cell1373,78,53,3
cell1374,73,85,3
cell1375,72,86,3
cell1376,70,88,3
cell1377,78,74,3
cell1378,70,89,3
cell1379,80,59,3
cell1380,77,50,3
cell1381,77,75,3
cell1382,71,44,3
cell1383,83,67,3
cell1384,74,81,3
cell1385,84,63,3
cell1386,75,78,3
cell1387,68,42,3
cell1388,74,80,3
cell1389,84,67,3
cell1390,74,83,3
cell1391,83,66,3
cell1392,84,70,3
cell1393,74,47,3
cell1394,78,54,3
cell1395,79,54,3
cell1396,78,72,3
cell1397,78,52,3
cell1398,84,69,3
cell1399,79,52,3
cell1400,85,70,3
cell1401,79,56,3
cell1402,74,82,3
cell1403,84,68,3
cell1404,85,69,3
cell1405,82,60,3
cell1406,72,87,3
cell1407,83,65,3
cell1408,70,43,3
cell1409,71,89,3
cell1410,72,88,3
cell1411,81,71,3
cell1412,79,71,3
cell1413,85,68,3
cell1414,80,71,3
cell1415,79,72,3
cell1416,83,62,3
cell1417,79,55,3
cell1418,76,77,3
cell1419,70,90,3
cell1420,77,51,3
cell1421,84,65,3
cell1422,80,55,3
cell1423,73,86,3
cell1424,80,56,3
cell1425,82,61,3
cell1426,79,53,3
cell1427,75,82,3
cell1428,86,69,3
cell1429,74,85,3
cell1430,76,78,3
cell1431,77,76,3
cell1432,80,54,3
cell1433,85,63,3
cell1434,68,63,3
cell1435,77,78,3
cell1436,81,57,3
cell1437,84,64,3
cell1438,77,77,3
cell1439,79,73,3
cell1440,83,61,3
cell1441,85,67,3
cell1442,75,80,3
cell1443,75,81,3
cell1444,81,59,3
cell1445,73,87,3
cell1446,72,89,3
cell1447,85,65,3
cell1448,79,74,3
cell1449,78,78,3
cell1450,76,79,3
cell1451,71,43,3
cell1452,81,58,3
cell1453,76,80,3
cell1454,83,56,3
cell1455,75,48,3
cell1456,80,72,3
cell1457,73,46,3
cell1458,76,81,3
cell1459,74,84,3
cell1460,80,73,3
cell1461,78,75,3
cell1462,83,71,3
cell1463,82,59,3
cell1464,72,44,3
cell1465,78,79,3
cell1466,71,42,3
cell1467,76,48,3
cell1468,72,45,3
cell1469,81,54,3
cell1470,82,62,3
cell1471,78,76,3
cell1472,80,52,3
cell1473,83,60,3
cell1474,75,85,3
cell1475,51,82,3
cell1476,76,47,3
cell1477,84,71,3
cell1478,76,82,3
cell1479,84,72,3
cell1480,73,48,3
cell1481,44,68,3
cell1482,74,46,3
cell1483,75,47,3
cell1484,75,46,3
cell1485,79,78,3
cell1486,79,51,3
cell1487,85,64,3
cell1488,76,83,3
cell1489,85,71,3
cell1490,81,55,3
cell1491,84,61,3
cell1492,86,64,3
cell1493,75,84,3
cell1494,78,50,3
cell1495,80,53,3
cell1496,73,45,3
cell1497,82,71,3
cell1498,55,86,3
cell1499,82,56,3
cell1500,82,54,3
cell1501,83,59,3
cell1502,76,46,3
cell1503,74,45,3
cell1504,86,70,3
cell1505,77,80,3
cell1506,74,87,3
cell1507,84,59,3
cell1508,81,52,3
cell1509,75,45,3
cell1510,77,81,3
cell1511,85,66,3
cell1512,85,61,3
cell1513,75,89,3
cell1514,86,65,3
cell1515,77,47,3
cell1516,75,87,3
cell1517,77,49,3
cell1518,81,51,3
cell1519,74,86,3
cell1520,73,44,3
cell1521,81,72,3
cell1522,76,85,3
cell1523,83,72,3
cell1524,86,67,3
cell1525,84,66,1
cell1526,86,66,1
cell1527,75,83,1
cell1528,73,89,1
cell1529,86,68,1
cell1530,84,60,1
cell1531,77,82,1
cell1532,86,71,1
cell1533,81,73,1
cell1534,75,86,1
cell1535,82,51,1
cell1536,87,70,1
cell1537,77,46,1
cell1538,87,65,1
cell1539,79,76,1
cell1540,76,86,1
cell1541,79,75,1
cell1542,70,87,1
cell1543,82,72,1
cell1544,86,63,1
cell1545,74,89,1
cell1546,79,50,1
cell1547,82,50,1
cell1548,75,44,1
cell1549,87,64,1
cell1550,79,77,1
cell1551,58,66,1
cell1552,82,55,1
cell1553,87,66,1
cell1554,78,47,1
cell1555,77,83,1
cell1556,56,60,1
cell1557,77,79,1
cell1558,82,73,1
cell1559,78,81,1
cell1560,81,53,1
cell1561,79,79,1
cell1562,78,83,1
cell1563,78,80,1
cell1564,85,72,1
cell1565,80,74,1
cell1566,85,62,1
cell1567,81,74,1
cell1568,73,90,1
cell1569,77,84,1
cell1570,76,49,1
cell1571,74,88,1
cell1572,88,65,1
cell1573,80,51,1
cell1574,49,57,1
cell1575,76,87,1
cell1576,85,59,1
cell1577,78,46,1
cell1578,78,84,1
cell1579,77,86,1
cell1580,77,45,1
cell1581,82,53,1
cell1582,77,85,1
cell1583,82,52,1
cell1584,78,82,1
cell1585,76,88,1
cell1586,84,73,1
cell1587,86,62,1
cell1588,77,48,1
cell1589,76,73,1
cell1590,83,52,1
cell1591,79,80,1
cell1592,49,69,1
cell1593,79,82,1
cell1594,83,51,1
cell1595,79,81,1
cell1596,88,64,1
cell1597,85,60,1
cell1598,87,68,1
cell1599,81,50,1
cell1600,87,63,1
cell1601,83,73,1
cell1602,80,76,1
cell1603,87,69,1
cell1604,80,75,1
cell1605,83,58,1
cell1606,82,58,1
cell1607,82,57,1
cell1608,83,54,1
cell1609,78,48,1
cell1610,84,51,1
cell1611,78,49,1
cell1612,72,48,1
cell1613,83,53,1
cell1614,58,88,1
cell1615,49,72,1
cell1616,78,45,1
cell1617,83,55,1
cell1618,80,49,1
cell1619,78,85,1
cell1620,88,63,1
cell1621,79,83,1
cell1622,79,48,1
cell1623,81,75,1
cell1624,80,48,1
cell1625,79,46,1
cell1626,88,69,1
cell1627,87,67,1
cell1628,79,45,1
cell1629,87,71,1
cell1630,88,66,2
cell1631,80,77,2
cell1632,82,75,2
cell1633,84,74,2
cell1634,79,47,2
cell1635,88,67,2
cell1636,85,58,2
cell1637,77,87,2
cell1638,89,63,2
cell1639,80,81,2
cell1640,85,73,2
cell1641,83,74,2
cell1642,73,91,2
cell1643,89,65,2
cell1644,84,53,2
cell1645,81,49,2
cell1646,86,59,2
cell1647,83,75,2
cell1648,80,83,2
cell1649,80,80,2
cell1650,81,76,2
cell1651,65,85,2
cell1652,84,50,2
cell1653,80,79,2
cell1654,83,76,2
cell1655,86,60,2
cell1656,84,54,2
cell1657,78,44,2
cell1658,84,58,2
cell1659,85,50,2
cell1660,79,44,2
cell1661,80,45,2
cell1662,80,47,2
cell1663,83,50,2
cell1664,86,50,2
cell1665,87,60,2
cell1666,87,62,2
cell1667,88,68,2
cell1668,82,49,2
cell1669,84,52,2
cell1670,87,59,2
cell1671,81,56,2
cell1672,80,46,2
cell1673,79,85,2
cell1674,84,49,2
cell1675,82,76,2
cell1676,73,66,2
cell1677,87,61,2
cell1678,86,58,2
cell1679,89,69,2
cell1680,83,49,2
cell1681,84,57,2
cell1682,81,80,2
cell1683,81,83,2
cell1684,88,62,2
cell1685,79,84,2
cell1686,78,86,2
cell1687,84,48,2
cell1688,86,72,2
cell1689,81,47,2
cell1690,85,51,2
cell1691,88,70,2
cell1692,84,55,2
cell1693,89,70,2
cell1694,83,57,2
cell1695,81,46,2
cell1696,79,86,2
cell1697,82,48,2
cell1698,80,44,2
cell1699,88,61,2
cell1700,80,85,2
cell1701,85,53,2
cell1702,85,57,2
cell1703,87,58,2
cell1704,82,46,2
cell1705,85,52,2
cell1706,80,84,2
cell1707,89,62,2
cell1708,89,61,2
cell1709,84,56,2
cell1710,86,52,2
cell1711,78,87,2
cell1712,88,60,2
cell1713,88,59,2
cell1714,84,75,2
cell1715,87,52,2
cell1716,86,51,2
cell1717,81,79,2
cell1718,81,77,2
cell1719,89,64,2
cell1720,87,72,2
cell1721,88,52,2
cell1722,81,78,2
cell1723,66,50,2
cell1724,88,58,2
cell1725,88,57,2
cell1726,89,68,2
cell1727,80,43,2
cell1728,84,76,2
cell1729,86,57,2
cell1730,87,51,2
cell1731,89,71,2
cell1732,81,82,2
cell1733,89,58,2
cell1734,82,82,2
cell1735,90,62,2
cell1736,82,47,2
cell1737,80,86,2
cell1738,89,67,2
cell1739,85,56,2
cell1740,88,72,2
cell1741,85,49,2
cell1742,80,57,2
cell1743,83,48,2
cell1744,81,45,2
cell1745,81,44,2
cell1746,86,53,2
cell1747,87,53,2
cell1748,81,43,2
cell1749,87,57,2
cell1750,82,79,2
cell1751,87,56,2
cell1752,89,59,2
cell1753,84,77,2
cell1754,83,79,2
cell1755,86,54,2
cell1756,78,51,2
cell1757,90,58,2
cell1758,91,58,2
cell1759,81,84,2
cell1760,88,71,2
cell1761,85,77,2
cell1762,82,45,2
cell1763,82,84,2
cell1764,89,60,2
cell1765,82,83,2
cell1766,81,85,2
cell1767,89,72,2
cell1768,90,65,2
cell1769,86,56,2
cell1770,88,53,2
cell1771,90,68,2
cell1772,83,46,2
cell1773,81,81,2
cell1774,89,57,2
cell1775,79,87,2
cell1776,90,63,2
cell1777,84,46,2
cell1778,82,80,2
cell1779,87,73,2
cell1780,87,54,2
cell1781,90,70,2
cell1782,79,88,2
cell1783,90,61,2
cell1784,85,74,2
cell1785,92,58,2
cell1786,90,59,2
cell1787,82,43,2
cell1788,80,42,2
cell1789,83,83,2
cell1790,86,73,2
cell1791,86,55,2
cell1792,90,64,2
cell1793,82,85,1
cell1794,81,42,1
cell1795,89,66,1
cell1796,85,55,1
cell1797,86,74,1
cell1798,92,59,1
cell1799,75,43,1
cell1800,88,56,1
cell1801,82,77,1
cell1802,82,81,1
cell1803,87,50,1
cell1804,83,44,1
cell1805,90,66,1
cell1806,83,77,1
cell1807,92,57,1
cell1808,88,51,1
cell1809,85,54,1
cell1810,91,66,1
cell1811,84,79,1
cell1812,88,50,1
cell1813,90,60,1
cell1814,82,78,1
cell1815,84,47,1
cell1816,84,45,1
cell1817,86,75,1
cell1818,87,49,1
cell1819,85,75,1
cell1820,85,76,1
cell1821,89,52,1
cell1822,85,48,1
cell1823,86,48,1
cell1824,90,57,1
cell1825,92,60,1
cell1826,89,53,1
cell1827,91,64,1
cell1828,89,54,1
cell1829,81,86,1
cell1830,89,56,1
cell1831,86,49,1
cell1832,91,60,1
cell1833,91,65,1
cell1834,89,51,1
cell1835,87,75,1
cell1836,84,78,1
cell1837,90,67,1
cell1838,68,56,1
cell1839,83,78,1
cell1840,91,70,1
cell1841,88,54,1
cell1842,91,57,1
cell1843,87,48,1
cell1844,83,80,1
cell1845,93,58,1
cell1846,90,54,1
cell1847,88,73,1
cell1848,87,55,1
cell1849,93,59,1
cell1850,93,60,1
cell1851,83,82,1
cell1852,91,62,1
cell1853,92,66,1
cell1854,90,53,1
cell1855,92,62,1
cell1856,92,61,1
cell1857,88,74,1
cell1858,83,81,1
cell1859,91,61,1
cell1860,85,78,1
cell1861,90,71,1
cell1862,85,46,0
cell1863,92,67,0
cell1864,86,77,0
cell1865,89,73,0
cell1866,86,47,0
cell1867,91,67,0
cell1868,90,69,0
cell1869,94,59,0
cell1870,87,77,0
cell1871,91,68,0
cell1872,93,57,0
cell1873,92,63,0
cell1874,87,78,0
cell1875,90,55,0
cell1876,93,61,0
cell1877,88,55,0
cell1878,92,65,0
cell1879,89,50,0
cell1880,92,64,0
cell1881,84,81,0
cell1882,85,79,0
cell1883,94,60,0
cell1884,92,68,0
cell1885,94,61,0
cell1886,86,76,0
cell1887,91,63,0
cell1888,93,67,0
cell1889,83,85,0
cell1890,89,55,0
cell1891,90,73,0
cell1892,88,77,0
cell1893,94,62,0
cell1894,82,86,0
cell1895,90,56,0
cell1896,87,79,0
cell1897,85,80,0
cell1898,84,82,0
cell1899,89,77,0
cell1900,91,56,0
cell1901,88,75,0
cell1902,95,59,0
cell1903,91,69,0
cell1904,91,59,0
cell1905,84,83,0
cell1906,90,72,0
cell1907,93,66,0
cell1908,86,79,0
cell1909,89,78,0
cell1910,58,59,0
cell1911,93,65,0
cell1912,93,68,0
cell1913,93,63,0
cell1914,88,49,0
cell1915,90,77,0
cell1916,91,71,0
cell1917,86,78,0
cell1918,84,84,0
cell1919,91,73,0
cell1920,88,78,0
cell1921,92,69,0
cell1922,85,82,0
cell1923,83,86,0
cell1924,84,80,0
cell1925,91,72,0
cell1926,89,75,0
cell1927,93,64,0
cell1928,93,62,0
cell1929,94,63,0
cell1930,89,49,3
cell1931,85,83,3
cell1932,83,84,3
cell1933,92,70,3
cell1934,86,80,3
cell1935,89,79,3
cell1936,92,72,3
cell1937,94,68,3
cell1938,91,77,3
cell1939,93,70,3
cell1940,89,74,3
cell1941,94,64,3
cell1942,90,76,3
cell1943,92,73,3
cell1944,88,76,3
cell1945,89,76,3
cell1946,94,66,3
cell1947,85,84,3
cell1948,93,69,3
cell1949,94,67,3
cell1950,95,62,3
cell1951,84,85,3
cell1952,84,86,3
cell1953,85,81,3
cell1954,69,47,3
cell1955,92,71,3
cell1956,88,79,3
cell1957,94,69,3
cell1958,87,80,3
cell1959,96,63,3
cell1960,96,64,3
cell1961,95,64,3
cell1962,94,65,3
cell1963,95,65,3
cell1964,91,76,3
cell1965,90,74,3
cell1966,91,74,3
cell1967,90,75,3
cell1968,95,63,3
cell1969,86,81,3
cell1970,86,82,3
cell1971,95,66,3
cell1972,53,69,3
cell1973,86,83,3
cell1974,96,65,3
cell1975,91,75,3
cell1976,92,74,3
cell1977,87,81,3
cell1978,88,80,3
cell1979,96,66,3
cell1980,94,58,3
cell1981,80,78,3
cell1982,85,85,3
cell1983,70,46,3
cell1984,87,82,3
cell1985,95,67,3
cell1986,88,81,3
cell1987,95,68,3
cell1988,93,74,3
cell1989,90,79,3
cell1990,92,75,3
cell1991,89,81,3
cell1992,90,81,3
cell1993,88,82,3
cell1994,90,78,3
cell1995,85,86,3
cell1996,96,67,3
cell1997,84,87,3
cell1998,97,66,3
cell1999,97,67,3
cell2000,97,68,3
