,ClusterID
cell1317,3
cell1389,3
cell764,0
cell157,3
cell191,3
cell1668,2
cell521,1
cell91,3
cell1168,3
cell1898,0
cell777,0
cell1929,0
cell341,1
cell1036,3
cell598,1
cell50,3
cell527,1
cell1054,3
cell42,3
cell195,3
cell46,3
cell205,3
cell1083,3
cell1348,3
cell1136,3
cell1015,3
cell329,1
cell1096,3
cell1402,3
cell1493,3
cell989,3
cell549,1
cell1702,2
cell1983,3
cell1694,2
cell14,3
cell909,0
cell1977,3
cell1872,0
cell435,1
cell1403,3
cell1255,3
cell24,3
cell129,3
cell1645,2
cell966,0
cell70,3
cell1786,2
cell1548,1
cell1614,1
cell994,3
cell1487,3
cell1669,2
cell1632,2
cell1601,1
cell27,3
cell1944,3
cell366,1
cell1811,1
cell968,0
cell892,0
cell1427,3
cell471,1
cell953,0
cell1086,3
cell1796,1
cell313,1
cell262,1
cell1275,3
cell72,3
cell75,3
cell1578,1
cell776,0
cell1690,2
cell470,1
cell315,1
cell1251,3
cell532,1
cell1615,1
cell69,3
cell586,1
cell1491,3
cell1093,3
cell1959,3
cell493,1
cell1360,3
cell1685,2
cell1756,2
cell996,3
cell1572,1
cell330,1
cell116,3
cell1679,2
cell1473,3
cell194,3
cell1341,3
cell987,0
cell599,1
cell1263,3
cell1413,3
cell193,3
cell1293,3
cell327,1
cell395,1
cell975,0
cell272,1
cell1883,0
cell1432,3
cell969,0
cell604,1
cell914,0
cell148,3
cell831,0
cell20,3
cell802,0
cell1146,3
cell1613,1
cell589,1
cell837,0
cell1585,1
cell1133,3
cell1574,1
cell895,0
cell364,1
cell79,3
cell1527,1
cell253,1
cell1315,3
cell1252,3
cell1438,3
cell1154,3
cell61,3
cell1505,3
cell600,1
cell423,1
cell1557,1
cell1287,3
cell1687,2
cell1848,1
cell533,1
cell615,1
cell1903,0
cell1665,2
cell1454,3
cell1660,2
cell565,1
cell472,1
cell674,0
cell1478,3
cell1344,3
cell1110,3
cell1542,1
cell350,1
cell49,3
cell1719,2
cell1712,2
cell182,3
cell352,1
cell82,3
cell704,0
cell503,1
cell284,1
cell451,1
cell1942,3
cell757,0
cell408,1
cell1404,3
cell52,3
cell1327,3
cell97,3
cell424,1
cell1798,1
cell1728,2
cell1776,2
cell199,3
cell1609,1
cell1546,1
cell1833,1
cell1511,3
cell1644,2
cell1398,3
cell1,3
cell236,1
cell1925,0
cell274,1
cell122,3
cell873,0
cell377,1
cell1902,0
cell868,0
cell464,1
cell1297,3
cell33,3
cell655,0
cell1501,3
cell404,1
cell775,0
cell1145,3
cell275,1
cell900,0
cell1406,3
cell1180,3
cell1999,3
cell1676,2
cell1312,3
cell859,0
cell110,3
cell970,0
cell768,0
cell1907,0
cell1444,3
cell1332,3
cell1043,3
cell972,0
cell773,0
cell1954,3
cell381,1
cell1070,3
cell220,1
cell1987,3
cell139,3
cell799,0
cell452,1
cell1581,1
cell1057,3
cell1410,3
cell1887,0
cell1762,2
cell1589,1
cell1747,2
cell1076,3
cell708,0
cell433,1
cell1044,3
cell1122,3
cell1259,3
cell389,1
cell1187,3
cell502,1
cell1177,3
cell1841,1
cell941,0
cell1429,3
cell1587,1
cell222,1
cell1943,3
cell316,1
cell1248,3
cell752,0
cell530,1
cell1759,2
cell561,1
cell1900,0
cell609,1
cell993,3
cell399,1
cell1994,3
cell173,3
cell155,3
cell744,0
cell1161,3
cell1349,3
cell340,1
cell1875,0
cell730,0
cell597,1
cell792,0
cell235,1
cell1242,3
cell107,3
cell1465,3
cell711,0
cell1064,3
cell737,0
cell800,0
cell1439,3
cell888,0
cell1009,3
cell696,0
cell1769,2
cell1904,0
cell886,0
cell896,0
cell1188,3
cell358,1
cell542,1
cell56,3
cell1839,1
cell1693,2
cell774,0
cell683,0
cell28,3
cell1440,3
cell1203,3
cell1695,2
cell541,1
cell753,0
cell160,3
cell179,3
cell1419,3
cell1435,3
cell124,3
cell111,3
cell1720,2
cell39,3
cell1024,3
cell141,3
cell641,0
cell1534,1
cell1849,1
cell1920,0
cell1520,3
cell251,1
cell1753,2
cell1992,3
cell1643,2
cell727,0
cell1890,0
cell1952,3
cell910,0
cell1955,3
cell971,0
cell1795,1
cell112,3
cell1212,3
cell1205,3
cell1834,1
cell388,1
cell740,0
cell908,0
cell528,1
cell90,3
cell1951,3
cell325,1
cell619,1
cell849,0
cell543,1
cell1489,3
cell135,3
cell1116,3
cell602,1
cell1600,1
cell1513,3
cell872,0
cell834,0
cell1059,3
cell113,3
cell851,0
cell1845,1
cell367,1
cell1770,2
cell190,3
cell1567,1
cell1201,3
cell217,1
cell927,0
cell384,1
cell1642,2
cell880,0
cell1353,3
cell450,1
cell982,0
cell297,1
cell328,1
cell504,1
cell16,3
cell841,0
cell1768,2
cell684,0
cell412,1
cell1092,3
cell760,0
cell687,0
cell406,1
cell84,3
cell1969,3
cell447,1
cell1141,3
cell905,0
cell419,1
cell1681,2
cell1843,1
cell1102,3
cell579,1
cell566,1
cell839,0
cell698,0
cell637,1
cell1596,1
cell525,1
cell1322,3
cell762,0
cell1494,3
cell719,0
cell331,1
cell228,1
cell429,1
cell1689,2
cell755,0
cell363,1
cell420,1
cell1214,3
cell864,0
cell1901,0
cell1399,3
cell1921,0
cell1380,3
cell1167,3
cell265,1
cell189,3
cell1566,1
cell1226,3
cell1916,0
cell612,1
cell1530,1
cell763,0
cell1386,3
cell1949,3
cell512,1
cell569,1
cell5,3
cell901,0
cell293,1
cell1606,1
cell865,0
cell1190,3
cell1021,3
cell1241,3
cell672,0
cell1470,3
cell1975,3
cell244,1
cell1013,3
cell1176,3
cell1148,3
cell1355,3
cell817,0
cell1272,3
cell138,3
cell263,1
cell1132,3
cell1714,2
cell507,1
cell305,1
cell1372,3
cell1395,3
cell1525,1
cell1231,3
cell1605,1
cell1165,3
cell976,0
cell1797,1
cell184,3
cell758,0
cell1118,3
cell1772,2
cell1158,3
cell1523,3
cell295,1
cell1973,3
cell1042,3
cell1063,3
cell1407,3
cell1715,2
cell576,1
cell208,3
cell1608,1
cell44,3
cell1467,3
cell31,3
cell339,1
cell1183,3
cell769,0
cell1497,3
cell186,3
cell88,3
cell1764,2
cell1181,3
cell1611,1
cell1856,1
cell430,1
cell710,0
cell211,3
cell239,1
cell797,0
cell486,1
cell1253,3
cell617,1
cell1937,3
cell1150,3
cell1484,3
cell1156,3
cell1736,2
cell1945,3
cell657,0
cell413,1
cell1963,3
cell1363,3
cell511,1
cell945,0
cell66,3
cell961,0
cell869,0
cell1117,3
cell668,0
cell41,3
cell1115,3
cell473,1
cell1602,1
cell446,1
cell1893,0
cell38,3
cell1807,1
cell559,1
cell312,1
cell1641,2
cell1919,0
cell225,1
cell535,1
cell223,1
cell1023,3
cell1996,3
cell1864,0
cell540,1
cell1950,3
cell1816,1
cell557,1
cell1814,1
cell1844,1
cell346,1
cell1993,3
cell1708,2
cell198,3
cell289,1
cell912,0
cell616,1
cell13,3
cell806,0
cell300,1
cell302,1
cell1595,1
cell210,3
cell1481,3
cell824,0
cell759,0
cell1725,2
cell1196,3
cell818,0
cell1622,1
cell596,1
cell1620,1
cell174,3
cell45,3
cell887,0
cell732,0
cell178,3
cell1751,2
cell638,0
cell1749,2
cell1789,2
cell701,0
cell1273,3
cell21,3
cell92,3
cell658,0
cell1884,0
cell1143,3
cell1976,3
cell1927,0
cell1928,0
cell623,1
cell1675,2
cell662,0
cell1483,3
cell677,0
cell1443,3
cell1991,3
cell1617,1
cell870,0
cell425,1
cell1068,3
cell899,0
cell1269,3
cell96,3
cell1637,2
cell101,3
cell867,0
cell1978,3
cell1352,3
cell1405,3
cell203,3
cell1656,2
cell241,1
cell172,3
cell1938,3
cell536,1
cell1139,3
cell1910,0
cell212,3
cell1500,3
cell1163,3
cell54,3
cell1874,0
cell1111,3
cell417,1
cell1771,2
cell1164,3
cell480,1
cell960,0
cell248,1
cell784,0
cell338,1
cell1488,3
cell874,0
cell1777,2
cell1039,3
cell984,0
cell695,0
cell1590,1
cell564,1
cell1271,3
cell1627,1
cell1535,1
cell1532,1
cell23,3
cell1268,3
cell1886,0
cell648,0
cell1851,1
cell1871,0
cell421,1
cell109,3
cell1791,2
cell665,0
cell809,0
cell1124,3
cell1568,1
cell991,3
cell131,3
cell1806,1
cell556,1
cell981,0
cell1159,3
cell1960,3
cell1080,3
cell613,1
cell165,3
cell594,1
cell1823,1
cell1680,2
cell321,1
cell1077,3
cell731,0
cell846,0
cell62,3
cell1621,1
cell1240,3
cell374,1
cell1506,3
cell611,1
cell977,0
cell1460,3
cell1686,2
cell57,3
cell491,1
cell724,0
cell55,3
cell247,1
cell1319,3
cell1831,1
cell1414,3
cell463,1
cell963,0
cell1208,3
cell1206,3
cell876,0
cell1873,0
cell1847,1
cell522,1
cell1625,1
cell36,3
cell1246,3
cell1213,3
cell365,1
cell1333,3
cell1790,2
cell1809,1
cell318,1
cell1692,2
cell669,0
cell1549,1
cell949,0
cell227,1
cell529,1
cell787,0
cell64,3
cell1254,3
cell567,1
cell1306,3
cell1174,3
cell94,3
cell1508,3
cell1915,0
cell836,0
cell1782,2
cell1298,3
cell1081,3
cell1387,3
cell751,0
cell1335,3
cell1466,3
cell1373,3
cell913,0
cell1140,3
cell663,0
cell1516,3
cell497,1
cell1657,2
cell136,3
cell1899,0
cell626,1
cell681,0
cell686,0
cell643,0
cell1840,1
cell929,0
cell1722,2
cell304,1
cell992,3
cell1536,1
cell167,3
cell400,1
cell1923,0
cell1515,3
cell1731,2
cell1415,3
cell973,0
cell1062,3
cell1262,3
cell102,3
cell573,1
cell1157,3
cell12,3
cell1986,3
cell323,1
cell1089,3
cell1113,3
cell547,1
cell1424,3
cell1033,3
cell1683,2
cell1935,3
cell1584,1
cell1384,3
cell1499,3
cell398,1
cell1106,3
cell1922,0
cell1889,0
cell1594,1
cell1283,3
cell428,1
cell1104,3
cell1018,3
cell582,1
cell443,1
cell1822,1
cell1583,1
cell1030,3
cell1308,3
cell550,1
cell1706,2
cell898,0
cell1813,1
cell250,1
cell80,3
cell403,1
cell1564,1
cell1547,1
cell891,0
cell1175,3
cell933,0
cell882,0
cell95,3
cell863,0
cell627,1
cell1418,3
cell1477,3
cell1347,3
cell287,1
cell1464,3
cell484,1
cell1518,3
cell957,0
cell1048,3
cell2000,3
cell489,1
cell1425,3
cell1982,3
cell73,3
cell640,0
cell396,1
cell1827,1
cell1354,3
cell269,1
cell554,1
cell1592,1
cell1295,3
cell1100,3
cell850,0
cell856,0
cell268,1
cell978,0
cell1137,3
cell1031,3
cell1684,2
cell1245,3
cell1237,3
cell1496,3
cell1612,1
cell1803,1
cell1962,3
cell356,1
cell119,3
cell1502,3
cell703,0
cell1716,2
cell803,0
cell1371,3
cell633,1
cell1456,3
cell1781,2
cell998,3
cell1540,1
cell629,1
cell180,3
cell1411,3
cell1194,3
cell997,3
cell216,3
cell87,3
cell103,3
cell373,1
cell1539,1
cell60,3
cell1301,3
cell748,0
cell621,1
cell1289,3
cell881,0
cell1090,3
cell1394,3
cell819,0
cell442,1
cell745,0
cell258,1
cell842,0
cell1879,0
cell1288,3
cell1737,2
cell1593,1
cell995,3
cell631,1
cell1610,1
cell1114,3
cell459,1
cell1098,3
cell578,1
cell820,0
cell1804,1
cell1630,2
cell255,1
cell1391,3
cell605,1
cell1337,3
cell659,0
cell234,1
cell117,3
cell1195,3
cell67,3
cell716,0
cell335,1
cell142,3
cell671,0
cell1331,3
cell798,0
cell1217,3
cell213,3
cell1710,2
cell153,3
cell1392,3
cell332,1
cell229,1
cell1655,2
cell1597,1
cell1850,1
cell1794,1
cell805,0
cell1017,3
cell1650,2
cell1639,2
cell1236,3
cell1247,3
cell660,0
cell1397,3
cell226,1
cell392,1
cell1296,3
cell1894,0
cell1028,3
cell1227,3
cell324,1
cell188,3
cell1729,2
cell786,0
cell676,0
cell448,1
cell1474,3
cell1877,0
cell1812,1
cell1933,3
cell1330,3
cell577,1
cell778,0
cell1442,3
cell1560,1
cell1082,3
cell354,1
cell401,1
cell1291,3
cell1757,2
cell1450,3
cell932,0
cell1558,1
cell1551,1
cell595,1
cell1421,3
cell620,1
cell756,0
cell461,1
cell1232,3
cell499,1
cell907,0
cell1191,3
cell840,0
cell1131,3
cell943,0
cell185,3
cell729,0
cell1758,2
cell1700,2
cell1359,3
cell1766,2
cell954,0
cell936,0
cell1742,2
cell508,1
cell1350,3
cell1507,3
cell1369,3
cell1934,3
cell1653,2
cell1401,3
cell1723,2
cell510,1
cell1825,1
cell644,0
cell823,0
cell1326,3
cell108,3
cell1162,3
cell1324,3
cell555,1
cell1905,0
cell426,1
cell866,0
cell343,1
cell723,0
cell1309,3
cell183,3
cell1980,3
cell791,0
cell1388,3
cell201,3
cell1192,3
cell1233,3
cell487,1
cell1648,2
cell1074,3
cell1631,2
cell862,0
cell1598,1
cell375,1
cell1172,3
cell434,1
cell1050,3
cell1385,3
cell445,1
cell357,1
cell43,3
cell1647,2
cell89,3
cell808,0
cell1147,3
cell494,1
cell264,1
cell1453,3
cell1368,3
cell134,3
cell1006,3
cell1452,3
cell1318,3
cell788,0
cell750,0
cell1738,2
cell1463,3
cell539,1
cell1229,3
cell280,1
cell1571,1
cell1634,2
cell397,1
cell1576,1
cell505,1
cell1476,3
cell166,3
cell1892,0
cell1257,3
cell1222,3
cell1599,1
cell1075,3
cell967,0
cell1128,3
cell1169,3
cell1204,3
cell636,1
cell145,3
cell1932,3
cell1671,2
cell830,0
cell307,1
cell1750,2
cell553,1
cell1278,3
cell337,1
cell1458,3
cell1002,3
cell308,1
cell506,1
cell1677,2
cell231,1
cell1619,1
cell118,3
cell1455,3
cell1538,1
cell1652,2
cell1514,3
cell736,0
cell951,0
cell29,3
cell810,0
cell143,3
cell1008,3
cell159,3
cell739,0
cell815,0
cell647,0
cell517,1
cell990,3
cell18,3
cell707,0
cell86,3
cell1468,3
cell152,3
cell568,1
cell1365,3
cell628,1
cell801,0
cell1480,3
cell121,3
cell1121,3
cell476,1
cell333,1
cell454,1
cell1705,2
cell1678,2
cell1302,3
cell1985,3
cell902,0
cell1948,3
cell1918,0
cell1258,3
cell1857,1
cell583,1
cell1802,1
cell1461,3
cell1151,3
cell904,0
cell105,3
cell986,0
cell1778,2
cell1135,3
cell1495,3
cell828,0
cell1820,1
cell456,1
cell705,0
cell1562,1
cell482,1
cell1027,3
cell1740,2
cell897,0
cell48,3
cell1357,3
cell1881,0
cell405,1
cell1040,3
cell85,3
cell552,1
cell1238,3
cell1441,3
cell1012,3
cell1897,0
cell1220,3
cell1126,3
cell1965,3
cell246,1
cell1230,3
cell106,3
cell1264,3
cell290,1
cell1863,0
cell488,1
cell1342,3
cell670,0
cell1130,3
cell1361,3
cell1964,3
cell270,1
cell1370,3
cell137,3
cell1618,1
cell928,0
cell845,0
cell838,0
cell1072,3
cell3,3
cell1149,3
cell1266,3
cell1313,3
cell1674,2
cell1971,3
cell449,1
cell1735,2
cell1173,3
cell245,1
cell266,1
cell946,0
cell860,0
cell1526,1
cell495,1
cell964,0
cell1055,3
cell1084,3
cell1290,3
cell418,1
cell1828,1
cell322,1
cell407,1
cell1640,2
cell1091,3
cell1569,1
cell140,3
cell1636,2
cell1941,3
cell1097,3
cell11,3
cell1662,2
cell150,3
cell409,1
cell1437,3
cell738,0
cell438,1
cell1575,1
cell749,0
cell814,0
cell278,1
cell1628,1
cell279,1
cell1885,0
cell414,1
cell1358,3
cell1052,3
cell1186,3
cell1285,3
cell1997,3
cell126,3
cell709,0
cell468,1
cell1060,3
cell372,1
cell825,0
cell1430,3
cell25,3
cell1957,3
cell176,3
cell1862,0
cell1556,1
cell187,3
cell1219,3
cell922,0
cell376,1
cell1953,3
cell1682,2
cell259,1
cell680,0
cell1378,3
cell1144,3
cell1294,3
cell171,3
cell713,0
cell675,0
cell1267,3
cell1211,3
cell37,3
cell320,1
cell1185,3
cell1490,3
cell1810,1
cell844,0
cell691,0
cell154,3
cell380,1
cell1274,3
cell1860,1
cell1626,1
cell588,1
cell1755,2
cell1423,3
cell1362,3
cell371,1
cell83,3
cell170,3
cell336,1
cell282,1
cell1067,3
cell1037,3
cell1946,3
cell1375,3
cell1265,3
cell1412,3
cell382,1
cell1580,1
cell1152,3
cell1739,2
cell1940,3
cell163,3
cell794,0
cell697,0
cell923,0
cell1014,3
cell1221,3
cell215,3
cell715,0
cell545,1
cell1200,3
cell353,1
cell871,0
cell1998,3
cell920,0
cell1016,3
cell104,3
cell894,0
cell1760,2
cell71,3
cell813,0
cell956,0
cell1561,1
cell344,1
cell580,1
cell1160,3
cell261,1
cell903,0
cell1300,3
cell1112,3
cell630,1
cell99,3
cell854,0
cell164,3
cell390,1
cell467,1
cell271,1
cell460,1
cell1607,1
cell608,1
cell306,1
cell918,0
cell1888,0
cell1688,2
cell1861,1
cell811,0
cell1787,2
cell1745,2
cell1698,2
cell1390,3
cell1913,0
cell937,0
cell455,1
cell690,0
cell1503,3
cell654,0
cell1198,3
cell571,1
cell1931,3
cell858,0
cell1178,3
cell439,1
cell607,1
cell1801,1
cell1367,3
cell1462,3
cell168,3
cell1829,1
cell1485,3
cell7,3
cell1134,3
cell685,0
cell158,3
cell667,0
cell1586,1
cell1984,3
cell1000,3
cell1447,3
cell1510,3
cell206,3
cell1065,3
cell345,1
cell656,0
cell238,1
cell1087,3
cell1939,3
cell947,0
cell1400,3
cell369,1
cell387,1
cell1743,2
cell575,1
cell334,1
cell1281,3
cell942,0
cell783,0
cell524,1
cell1228,3
cell649,0
cell877,0
cell1917,0
cell1343,3
cell1866,0
cell1565,1
cell1763,2
cell1045,3
cell1224,3
cell1041,3
cell1142,3
cell1663,2
cell254,1
cell1895,0
cell562,1
cell1026,3
cell1528,1
cell15,3
cell544,1
cell1053,3
cell885,0
cell551,1
cell1433,3
cell1968,3
cell114,3
cell466,1
cell1207,3
cell469,1
cell1153,3
cell1912,0
cell1989,3
cell1426,3
cell796,0
cell1471,3
cell1765,2
cell1022,3
cell514,1
cell1209,3
cell746,0
cell1817,1
cell714,0
cell712,0
cell1038,3
cell200,3
cell520,1
cell1545,1
cell53,3
cell156,3
cell58,3
cell1914,0
cell240,1
cell1855,1
cell718,0
cell1328,3
cell243,1
cell133,3
cell294,1
cell980,0
cell281,1
cell1282,3
cell1276,3
cell1475,3
cell1664,2
cell934,0
cell465,1
cell1854,1
cell283,1
cell1007,3
cell368,1
cell940,0
cell1629,1
cell1838,1
cell1979,3
cell1129,3
cell603,1
cell1469,3
cell285,1
cell1961,3
cell422,1
cell260,1
cell1492,3
cell1970,3
cell938,0
cell890,0
cell1457,3
cell1446,3
cell8,3
cell1521,3
cell625,1
cell1105,3
cell161,3
cell17,3
cell1197,3
cell827,0
cell688,0
cell1379,3
cell1552,1
cell1752,2
cell767,0
cell1582,1
cell1830,1
cell314,1
cell650,0
cell496,1
cell1868,0
cell479,1
cell721,0
cell652,0
cell1270,3
cell593,1
cell196,3
cell232,1
cell1449,3
cell149,3
cell1726,2
cell1824,1
cell93,3
cell10,3
cell299,1
cell1416,3
cell68,3
cell1974,3
cell276,1
cell948,0
cell1958,3
cell1654,2
cell1867,0
cell1779,2
cell1250,3
cell1783,2
cell411,1
cell1382,3
cell848,0
cell147,3
cell1482,3
cell1967,3
cell169,3
cell1125,3
cell440,1
cell523,1
cell125,3
cell548,1
cell875,0
cell999,3
cell581,1
cell1235,3
cell288,1
cell1573,1
cell772,0
cell974,0
cell1741,2
cell1078,3
cell733,0
cell1842,1
cell1792,2
cell1184,3
cell1069,3
cell1588,1
cell267,1
cell822,0
cell1661,2
cell1314,3
cell1896,0
cell1249,3
cell591,1
cell1724,2
cell40,3
cell706,0
cell219,1
cell74,3
cell1870,0
cell847,0
cell642,0
cell546,1
cell1103,3
cell1032,3
cell1701,2
cell1277,3
cell1826,1
cell1718,2
cell693,0
cell309,1
cell883,0
cell1316,3
cell816,0
cell292,1
cell1049,3
cell634,1
cell296,1
cell1537,1
cell298,1
cell560,1
cell624,1
cell1767,2
cell483,1
cell826,0
cell415,1
cell127,3
cell728,0
cell1025,3
cell218,1
cell741,0
cell1761,2
cell1936,3
cell1785,2
cell1697,2
cell1988,3
cell1428,3
cell1376,3
cell490,1
cell214,3
cell852,0
cell1218,3
cell1995,3
cell1865,0
cell534,1
cell1819,1
cell1338,3
cell735,0
cell572,1
cell35,3
cell700,0
cell906,0
cell98,3
cell1926,0
cell1366,3
cell1046,3
cell286,1
cell614,1
cell209,3
cell385,1
cell515,1
cell734,0
cell207,3
cell1930,3
cell639,0
cell378,1
cell1364,3
cell1138,3
cell1417,3
cell1079,3
cell962,0
cell1320,3
cell478,1
cell291,1
cell959,0
cell689,0
cell1846,1
cell256,1
cell1524,3
cell123,3
cell197,3
cell558,1
cell379,1
cell1486,3
cell1649,2
cell453,1
cell1703,2
cell1051,3
cell317,1
cell1088,3
cell780,0
cell347,1
cell1878,0
cell807,0
cell1409,3
cell754,0
cell1334,3
cell965,0
cell1541,1
cell233,1
cell1748,2
cell985,0
cell804,0
cell1393,3
cell1604,1
cell1279,3
cell1058,3
cell402,1
cell1085,3
cell441,1
cell1374,3
cell1956,3
cell921,0
cell1472,3
cell1624,1
cell1579,1
cell1020,3
cell1019,3
cell1773,2
cell917,0
cell1672,2
cell492,1
cell584,1
cell793,0
cell319,1
cell835,0
cell1880,0
cell146,3
cell1095,3
cell1029,3
cell1658,2
cell1799,1
cell230,1
cell144,3
cell1202,3
cell1717,2
cell175,3
cell1210,3
cell893,0
cell120,3
cell1707,2
cell720,0
cell311,1
cell516,1
cell30,3
cell518,1
cell1673,2
cell1094,3
cell622,1
cell889,0
cell1550,1
cell1990,3
cell1667,2
cell1721,2
cell785,0
cell771,0
cell361,1
cell1638,2
cell498,1
cell988,0
cell585,1
cell1323,3
cell1906,0
cell1603,1
cell538,1
cell310,1
cell1325,3
cell855,0
cell1891,0
cell360,1
cell427,1
cell349,1
cell1171,3
cell370,1
cell1670,2
cell1351,3
cell884,0
cell1179,3
cell1498,3
cell1531,1
cell829,0
cell1734,2
cell1408,3
cell416,1
cell610,1
cell590,1
cell725,0
cell1509,3
cell1199,3
cell653,0
cell1909,0
cell1381,3
cell432,1
cell1256,3
cell1215,3
cell717,0
cell1709,2
cell606,1
cell1732,2
cell924,0
cell51,3
cell1436,3
cell1011,3
cell765,0
cell1216,3
cell699,0
cell1666,2
cell513,1
cell78,3
cell1972,3
cell1633,2
cell475,1
cell930,0
cell1284,3
cell843,0
cell221,1
cell1109,3
cell1243,3
cell1711,2
cell192,3
cell635,1
cell458,1
cell362,1
cell761,0
cell1837,1
cell789,0
cell1034,3
cell1529,1
cell1623,1
cell1727,2
cell1876,0
cell202,3
cell983,0
cell833,0
cell1543,1
cell1448,3
cell1713,2
cell1010,3
cell1244,3
cell1699,2
cell1651,2
cell1431,3
cell457,1
cell462,1
cell812,0
cell1947,3
cell666,0
cell1303,3
cell1189,3
cell1307,3
cell1852,1
cell130,3
cell1383,3
cell1304,3
cell1182,3
cell1420,3
cell770,0
cell1559,1
cell1646,2
cell359,1
cell1911,0
cell944,0
cell1056,3
cell1261,3
cell257,1
cell1835,1
cell1869,0
cell1001,3
cell1517,3
cell570,1
cell1554,1
cell925,0
cell1310,3
cell1800,1
cell1591,1
cell128,3
cell526,1
cell6,3
cell694,0
cell795,0
cell1754,2
cell277,1
cell1099,3
cell537,1
cell782,0
cell410,1
cell1107,3
cell1101,3
cell926,0
cell177,3
cell1311,3
cell386,1
cell1744,2
cell1577,1
cell632,1
cell939,0
cell1553,1
cell1859,1
cell919,0
cell1305,3
cell436,1
cell342,1
cell1155,3
cell950,0
cell1339,3
cell32,3
cell162,3
cell301,1
cell100,3
cell601,1
cell1346,3
cell747,0
cell781,0
cell1704,2
cell303,1
cell1108,3
cell1788,2
cell879,0
cell1691,2
cell1434,3
cell1170,3
cell1286,3
cell115,3
cell19,3
cell574,1
cell853,0
cell1966,3
cell618,1
cell821,0
cell1123,3
cell1223,3
cell1659,2
cell1775,2
cell1696,2
cell437,1
cell1035,3
cell59,3
cell664,0
cell9,3
cell355,1
cell383,1
cell878,0
cell531,1
cell742,0
cell1522,3
cell1882,0
cell1005,3
cell1858,1
cell1377,3
cell645,0
cell1073,3
cell1260,3
cell692,0
cell326,1
cell501,1
cell1853,1
cell935,0
cell1570,1
cell431,1
cell661,0
cell1832,1
cell47,3
cell204,3
cell132,3
cell702,0
cell563,1
cell682,0
cell726,0
cell861,0
cell1504,3
cell1047,3
cell678,0
cell1127,3
cell76,3
cell1512,3
cell252,1
cell1329,3
cell1563,1
cell651,0
cell1292,3
cell1003,3
cell1071,3
cell955,0
cell1422,3
cell63,3
cell1193,3
cell779,0
cell81,3
cell181,3
cell348,1
cell393,1
cell1445,3
cell1821,1
cell1396,3
cell1635,2
cell1340,3
cell444,1
cell224,1
cell857,0
cell77,3
cell979,0
cell911,0
cell916,0
cell249,1
cell474,1
cell1533,1
cell1774,2
cell1730,2
cell65,3
cell1746,2
cell1061,3
cell1451,3
cell1784,2
cell1239,3
cell1815,1
cell679,0
cell952,0
cell477,1
cell4,3
cell915,0
cell2,3
cell1924,0
cell351,1
cell1519,3
cell1234,3
cell26,3
cell1479,3
cell1793,1
cell22,3
cell958,0
cell237,1
cell273,1
cell832,0
cell485,1
cell1299,3
cell1544,1
cell1225,3
cell1356,3
cell587,1
cell1616,1
cell519,1
cell391,1
cell766,0
cell1066,3
cell1345,3
cell1120,3
cell242,1
cell394,1
cell151,3
cell1808,1
cell1555,1
cell1805,1
cell790,0
cell673,0
cell1459,3
cell1780,2
cell1119,3
cell1166,3
cell1336,3
cell1836,1
cell592,1
cell1908,0
cell722,0
cell500,1
cell34,3
cell1818,1
cell646,0
cell743,0
cell481,1
cell1280,3
cell1004,3
cell931,0
cell1321,3
cell1733,2
cell509,1
cell1981,3
